,City,Lat,Lng,Max Temp (F),Humidity (%),Cloudiness (%),Wind Speed (mph),Country,Date
0,Punta Arenas,-53.15,-70.92,32.0,95,7,2.24,CL,07/16/2020
1,Jauja,-11.78,-75.5,46.78,71,69,3.74,PE,07/16/2020
2,Gilgit,35.92,74.31,79.83,31,79,3.2,PK,07/16/2020
3,Cayenne,4.93,-52.33,77.0,100,20,9.1,GF,07/16/2020
4,Yaan,7.38,8.57,71.08,98,100,6.98,NG,07/16/2020
5,Longyearbyen,78.22,15.64,44.6,81,75,4.7,SJ,07/16/2020
6,Aklavik,68.22,-135.01,62.6,59,75,6.93,CA,07/16/2020
7,Port Alfred,-33.59,26.89,52.57,43,0,6.08,ZA,07/16/2020
8,Kieta,-6.22,155.63,84.07,70,8,6.49,PG,07/16/2020
9,Kavieng,-2.57,150.8,84.61,65,24,3.31,PG,07/16/2020
10,Boddam,57.47,-1.78,55.4,93,90,2.24,GB,07/16/2020
11,Najrān,17.49,44.13,86.0,30,75,9.17,SA,07/16/2020
12,Bosaso,11.28,49.18,90.28,43,84,21.25,SO,07/16/2020
13,Busselton,-33.65,115.33,64.99,79,22,25.68,AU,07/16/2020
14,Tasiilaq,65.61,-37.64,44.6,70,0,4.7,GL,07/16/2020
15,East London,-33.02,27.91,53.91,41,8,4.83,ZA,07/16/2020
16,New Norfolk,-42.78,147.06,53.01,84,98,0.58,AU,07/16/2020
17,Vardø,70.37,31.11,57.2,71,31,5.82,NO,07/16/2020
18,Vaini,-21.2,-175.2,77.0,78,75,6.93,TO,07/16/2020
19,Sibolga,1.74,98.78,86.68,62,4,3.67,ID,07/16/2020
20,Kapaa,22.08,-159.32,82.4,69,75,13.87,US,07/16/2020
21,Turan,16.07,108.22,93.2,52,20,3.36,VN,07/16/2020
22,Kitale,1.02,35.01,53.08,96,66,0.38,KE,07/16/2020
23,Parrita,9.52,-84.32,73.4,69,100,13.87,CR,07/16/2020
24,Barrow,71.29,-156.79,44.6,70,1,9.17,US,07/16/2020
25,Emerald,-23.53,148.17,69.01,25,0,11.41,AU,07/16/2020
26,Miandrivazo,-19.52,45.47,64.22,78,40,0.63,MG,07/16/2020
27,Antofagasta,-23.65,-70.4,51.8,93,8,3.36,CL,07/16/2020
28,Wanning,18.8,110.4,89.42,65,17,14.38,CN,07/16/2020
29,Rikitea,-23.12,-134.97,73.99,86,100,6.85,PF,07/16/2020
30,Mataura,-46.19,168.86,44.62,79,21,2.8,NZ,07/16/2020
31,Bowen,-20.02,148.23,73.99,37,0,11.41,AU,07/16/2020
32,Saldanha,-33.01,17.94,42.8,75,0,2.24,ZA,07/16/2020
33,Manuk Mangkaw,4.8,119.85,81.34,79,87,11.92,PH,07/16/2020
34,Bluff,-46.6,168.33,45.79,78,25,15.37,NZ,07/16/2020
35,Albany,42.6,-73.97,73.99,85,67,7.61,US,07/16/2020
36,Dikson,73.51,80.55,40.24,96,100,4.97,RU,07/16/2020
37,Ushuaia,-54.8,-68.3,28.4,86,40,3.36,AR,07/16/2020
38,Jamestown,42.1,-79.24,71.6,64,1,4.7,US,07/16/2020
39,Castro,-24.79,-50.01,49.23,91,61,8.72,BR,07/16/2020
40,Kaitangata,-46.28,169.85,45.0,81,39,11.01,NZ,07/16/2020
41,Leh,34.17,77.58,62.26,33,13,6.73,IN,07/16/2020
42,Tiksi,71.69,128.87,36.57,83,66,20.09,RU,07/16/2020
43,Palmas Bellas,9.23,-80.09,81.0,88,5,7.0,PA,07/16/2020
44,Bubaque,11.28,-15.83,80.1,82,100,20.33,GW,07/16/2020
45,Mahon,39.89,4.27,71.6,68,0,11.41,ES,07/16/2020
46,Namatanai,-3.67,152.43,83.32,73,28,6.11,PG,07/16/2020
47,Xining,36.62,101.77,61.27,73,100,2.8,CN,07/16/2020
48,Ilulissat,69.22,-51.1,44.6,70,36,3.36,GL,07/16/2020
49,Jumla,29.27,82.18,73.85,52,18,4.23,NP,07/16/2020
50,Komsomolets,53.75,62.07,78.1,60,3,4.85,KZ,07/16/2020
51,Wasilla,61.58,-149.44,75.2,49,1,4.7,US,07/16/2020
52,Iqaluit,63.75,-68.51,57.2,47,20,3.36,CA,07/16/2020
53,Faanui,-16.48,-151.75,78.6,83,33,14.76,PF,07/16/2020
54,Shahreza,32.03,51.88,72.23,39,79,4.29,IR,07/16/2020
55,Sinop Province,41.77,34.87,69.8,94,75,1.12,TR,07/16/2020
56,Ekibastuz,51.67,75.37,74.53,40,0,13.31,KZ,07/16/2020
57,Atuona,-9.8,-139.03,79.75,76,1,16.62,PF,07/16/2020
58,Qaanaaq,77.48,-69.36,41.56,85,100,5.19,GL,07/16/2020
59,Bredasdorp,-34.53,20.04,37.4,93,0,1.12,ZA,07/16/2020
60,Mayo,38.89,-76.51,75.2,88,75,17.22,US,07/16/2020
61,Cape Town,-33.93,18.42,45.0,86,0,1.12,ZA,07/16/2020
62,Norman Wells,65.28,-126.83,60.8,87,90,6.93,CA,07/16/2020
63,Lebu,-37.62,-73.65,51.03,90,100,5.88,CL,07/16/2020
64,St. George's,12.06,-61.75,82.4,83,20,14.99,GD,07/16/2020
65,Roald,62.58,6.13,54.0,93,22,4.7,NO,07/16/2020
66,Belaya Gora,68.53,146.42,47.53,65,100,9.48,RU,07/16/2020
67,Manakara,-22.13,48.02,67.03,86,62,13.91,MG,07/16/2020
68,Marshall,34.38,-86.33,79.0,78,1,3.36,US,07/16/2020
69,Miles City,46.41,-105.84,73.4,27,1,6.93,US,07/16/2020
70,Hermanus,-34.42,19.23,45.0,82,0,4.0,ZA,07/16/2020
71,Yangi Marg`ilon,40.43,71.72,86.0,23,100,4.27,UZ,07/16/2020
72,Bengkulu,-3.8,102.27,88.11,57,36,1.88,ID,07/16/2020
73,Carnarvon,-24.87,113.63,82.4,42,40,11.41,AU,07/16/2020
74,Narsaq,60.92,-46.05,48.2,70,0,5.82,GL,07/16/2020
75,Ponta do Sol,32.67,-17.1,68.0,68,40,11.41,PT,07/16/2020
76,Saint-Philippe,-21.36,55.77,66.2,68,29,5.82,RE,07/16/2020
77,Ricaurte,4.28,-74.76,74.98,79,95,2.55,CO,07/16/2020
78,Niamey,13.51,2.11,77.0,94,91,4.7,NE,07/16/2020
79,Podbrdo,44.44,17.01,55.4,100,35,2.24,BA,07/16/2020
80,Honiara,-9.43,159.95,91.4,63,40,8.05,SB,07/16/2020
81,Arraial do Cabo,-22.97,-42.03,66.88,71,97,3.49,BR,07/16/2020
82,Severo-Kuril'sk,50.68,156.12,53.37,87,83,6.93,RU,07/16/2020
83,Ratnagiri,16.98,73.3,79.12,87,100,17.94,IN,07/16/2020
84,Jūybār,36.64,52.91,75.2,83,7,6.93,IR,07/16/2020
85,Quryq,43.2,51.65,86.99,46,92,10.4,KZ,07/16/2020
86,Hobart,-42.88,147.33,53.01,76,75,4.7,AU,07/16/2020
87,Flinders,-34.58,150.86,62.01,61,87,8.01,AU,07/16/2020
88,Montfoort,52.05,4.95,60.01,96,100,5.26,NL,07/16/2020
89,Valparaíso,-33.04,-71.63,46.4,100,75,4.83,CL,07/16/2020
90,Itaueira,-7.6,-43.03,76.64,52,71,10.78,BR,07/16/2020
91,The Valley,18.22,-63.06,80.6,83,40,4.7,AI,07/16/2020
92,Saint-Augustin,51.23,-58.65,49.98,77,0,3.02,CA,07/16/2020
93,Chokurdakh,70.63,147.92,37.76,92,100,12.12,RU,07/16/2020
94,Yellowknife,62.46,-114.35,63.0,63,20,10.29,CA,07/16/2020
95,Taoudenni,22.68,-3.98,93.15,33,0,10.58,ML,07/16/2020
96,Akhmeta,42.03,45.21,69.8,88,40,3.36,GE,07/16/2020
97,Mar del Plata,-38.0,-57.56,45.0,69,1,5.82,AR,07/16/2020
98,Caravelas,-17.71,-39.25,70.95,88,51,12.33,BR,07/16/2020
99,Port-Gentil,-0.72,8.78,73.6,80,100,6.38,GA,07/16/2020
100,Lodeynoye Pole,60.73,33.55,54.55,91,100,8.63,RU,07/16/2020
101,Comodoro Rivadavia,-45.87,-67.5,37.4,69,75,3.36,AR,07/16/2020
102,Nikolskoye,59.7,30.79,59.0,77,91,8.95,RU,07/16/2020
103,Khatanga,71.97,102.5,52.0,94,100,10.27,RU,07/16/2020
104,Thompson,55.74,-97.86,59.0,100,75,8.05,CA,07/16/2020
105,Chālūs,36.66,51.42,78.8,74,40,5.1,IR,07/16/2020
106,Mimarsinan,41.0,28.54,71.01,72,0,6.93,TR,07/16/2020
107,Muros,42.78,-9.06,61.0,75,25,5.01,ES,07/16/2020
108,Andenes,69.31,16.12,57.2,82,75,4.7,NO,07/16/2020
109,Angarsk,52.54,103.89,60.8,72,40,17.9,RU,07/16/2020
110,Władysławowo,54.79,18.4,61.0,93,75,11.41,PL,07/16/2020
111,Paragould,36.06,-90.5,84.2,70,1,8.05,US,07/16/2020
112,Maniitsoq,65.42,-52.9,43.65,79,100,9.31,GL,07/16/2020
113,Westport,41.14,-73.36,71.6,73,1,9.17,US,07/16/2020
114,Pargas,60.31,22.3,60.01,100,0,1.12,FI,07/16/2020
115,Padang,-0.95,100.35,86.81,59,8,3.6,ID,07/16/2020
116,Santa Isabel Rio Negro,-0.41,-65.02,73.74,84,95,0.74,BR,07/16/2020
117,Touros,-5.2,-35.46,71.6,100,40,3.36,BR,07/16/2020
118,Avarua,-21.21,-159.78,71.6,64,95,5.82,CK,07/16/2020
119,Neiafu,-18.65,-173.98,78.8,69,75,11.41,TO,07/16/2020
120,Bandarbeyla,9.49,50.81,83.61,55,30,33.58,SO,07/16/2020
121,Petropavlovsk-Kamchatskiy,53.05,158.65,60.8,82,75,13.42,RU,07/16/2020
122,Lorengau,-2.02,147.27,85.69,62,0,6.98,PG,07/16/2020
123,Epe,6.58,3.98,74.55,87,99,4.18,NG,07/16/2020
124,San Juan,-31.54,-68.54,44.98,62,0,1.43,AR,07/16/2020
125,Nanortalik,60.14,-45.24,42.37,88,5,7.11,GL,07/16/2020
126,Mount Isa,-20.73,139.5,73.4,17,0,10.29,AU,07/16/2020
127,Ýpsonas,34.69,32.96,75.2,88,0,6.93,CY,07/16/2020
128,Marzuq,14.4,46.47,76.51,52,100,8.16,YE,07/16/2020
129,Werda,-25.27,23.28,38.5,68,0,8.52,BW,07/16/2020
130,Tura,25.52,90.22,81.55,86,47,5.91,IN,07/16/2020
131,Pacific Grove,36.62,-121.92,62.6,72,1,6.93,US,07/16/2020
132,Sørland,67.67,12.69,55.09,83,90,4.32,NO,07/16/2020
133,Kulhudhuffushi,6.62,73.07,83.98,78,100,14.61,MV,07/16/2020
134,Aykhal,66.0,111.5,59.0,93,90,6.71,RU,07/16/2020
135,Mossamedes,-15.2,12.15,65.5,49,0,5.99,AO,07/16/2020
136,Siderno,38.28,16.3,73.0,88,40,4.7,IT,07/16/2020
137,Puerto Ayora,-0.74,-90.35,66.0,90,96,4.88,EC,07/16/2020
138,Inhambane,-23.86,35.38,62.15,72,47,15.32,MZ,07/16/2020
139,Changqing,36.56,116.73,91.99,49,5,1.01,CN,07/16/2020
140,Asău,46.43,26.4,59.0,82,100,2.71,RO,07/16/2020
141,Caucayá,-0.19,-74.78,69.89,98,36,1.7,CO,07/16/2020
142,Pevek,69.7,170.31,46.15,96,100,6.42,RU,07/16/2020
143,Cocachacra,-17.09,-71.76,57.85,82,32,2.57,PE,07/16/2020
144,Buraidah,26.33,43.98,89.6,24,0,5.82,SA,07/16/2020
145,Harper,4.38,-7.72,74.7,71,100,5.17,LR,07/16/2020
146,Sambava,-14.27,50.17,68.92,79,32,9.71,MG,07/16/2020
147,Sioux Lookout,50.1,-91.92,62.6,77,75,5.82,CA,07/16/2020
148,Mehamn,71.04,27.85,51.8,87,72,3.36,NO,07/16/2020
149,Bambous Virieux,-20.34,57.76,66.99,93,75,3.36,MU,07/16/2020
150,Ust-Nera,64.57,143.2,67.41,40,75,5.1,RU,07/16/2020
151,Clyde River,70.47,-68.59,55.4,54,75,6.93,CA,07/16/2020
152,Country Club,25.95,-80.32,82.4,83,1,3.36,US,07/16/2020
153,Bemidji,47.47,-94.88,64.99,82,40,7.43,US,07/16/2020
154,Mlowo,-9.0,32.98,49.5,88,2,3.13,TZ,07/16/2020
155,Māngrol,21.12,70.12,84.47,80,98,8.88,IN,07/16/2020
156,Plettenberg Bay,-34.05,23.37,52.23,42,59,4.41,ZA,07/16/2020
157,Marsabit,2.33,37.99,59.74,90,100,17.25,KE,07/16/2020
158,Teya,60.38,92.63,62.35,59,90,11.1,RU,07/16/2020
159,Kirakira,-10.45,161.92,80.24,77,96,0.51,SB,07/16/2020
160,Sur,22.57,59.53,92.61,48,48,2.57,OM,07/16/2020
161,Esperance,-33.87,121.9,59.0,67,0,13.87,AU,07/16/2020
162,Yar-Sale,66.83,70.83,53.82,58,46,18.88,RU,07/16/2020
163,Ketchikan,55.34,-131.65,55.4,100,90,17.22,US,07/16/2020
164,Kashgar,39.45,75.98,69.8,56,20,8.95,CN,07/16/2020
165,Guymon,36.68,-101.48,78.8,74,1,11.41,US,07/16/2020
166,Fort Walton Beach,30.41,-86.62,77.0,100,90,5.41,US,07/16/2020
167,Algiers,36.75,3.04,64.4,88,20,6.64,DZ,07/16/2020
168,Saskylakh,71.92,114.08,67.42,31,86,19.69,RU,07/16/2020
169,Mishkino,55.34,63.92,79.0,62,0,6.35,RU,07/16/2020
170,Kutum,14.2,24.67,72.46,67,99,11.14,SD,07/16/2020
171,Hirara,24.8,125.28,91.4,66,75,24.16,JP,07/16/2020
172,Klaksvík,62.23,-6.59,51.8,100,100,17.22,FO,07/16/2020
173,Quatre Cocos,-20.21,57.76,66.99,93,75,3.36,MU,07/16/2020
174,Hohhot,40.81,111.65,77.0,61,20,4.47,CN,07/16/2020
175,Zapolyarnyy,69.42,30.81,57.2,71,0,14.99,RU,07/16/2020
176,Säkylä,61.03,22.33,53.6,93,0,1.12,FI,07/16/2020
177,Caucaia,-3.74,-38.65,80.01,78,40,10.29,BR,07/16/2020
178,Srednekolymsk,67.45,153.68,50.85,51,100,7.07,RU,07/16/2020
179,George Town,5.41,100.34,87.8,79,20,2.24,MY,07/16/2020
180,Mareeba,-17.0,145.43,79.0,31,25,3.0,AU,07/16/2020
181,Artvin Province,41.17,41.83,68.0,88,0,12.75,TR,07/16/2020
182,Vernon,50.26,-119.27,78.8,41,75,10.29,CA,07/16/2020
183,Boyolangu,-8.12,111.89,81.48,71,81,8.12,ID,07/16/2020
184,Vostok,46.49,135.88,77.45,53,99,6.42,RU,07/16/2020
185,Chara,56.91,118.26,81.79,41,0,4.32,RU,07/16/2020
186,Hilo,19.73,-155.09,82.4,61,40,6.93,US,07/16/2020
187,Albury,-36.08,146.92,55.4,58,0,5.82,AU,07/16/2020
188,Machalí,-34.18,-70.67,50.58,46,0,4.88,CL,07/16/2020
189,Nokaneng,-19.67,22.27,44.56,86,0,9.22,BW,07/16/2020
190,Ahipara,-35.17,173.17,62.53,84,100,7.11,NZ,07/16/2020
191,San Andrés,12.58,-81.7,82.4,88,40,8.05,CO,07/16/2020
192,Chui,-33.7,-53.46,40.68,76,0,4.41,UY,07/16/2020
193,Tual,-5.67,132.75,79.11,85,22,21.32,ID,07/16/2020
194,Lüderitz,-26.65,15.16,71.6,11,0,14.99,NA,07/16/2020
195,General Roca,-39.03,-67.58,41.0,86,93,2.24,AR,07/16/2020
196,Saint Paul Harbor,57.79,-152.41,75.2,38,20,10.29,US,07/16/2020
197,Colan,7.59,-80.23,76.73,86,9,4.5,PA,07/16/2020
198,Vanino,49.09,140.25,72.64,63,0,8.48,RU,07/16/2020
199,Xiantao,30.38,113.4,79.02,87,100,7.47,CN,07/16/2020
200,Potenza,40.64,15.81,55.76,69,0,3.02,IT,07/16/2020
201,Nerchinskiy Zavod,51.31,119.61,86.36,40,83,8.95,RU,07/16/2020
202,Invermere,50.52,-116.04,65.86,49,94,3.13,CA,07/16/2020
203,Abu Samrah,35.3,37.18,75.09,58,0,8.7,SY,07/16/2020
204,Renqiu,38.7,116.09,92.98,36,41,10.13,CN,07/16/2020
205,Tuktoyaktuk,69.45,-133.04,57.2,62,75,8.05,CA,07/16/2020
206,Malakal,9.53,31.66,70.79,97,100,4.54,SS,07/16/2020
207,La Romana,18.43,-68.97,77.0,100,40,7.92,DO,07/16/2020
208,Ambulu,-8.35,113.61,83.68,65,22,6.6,ID,07/16/2020
209,Ndendé,-2.4,11.36,69.96,85,100,2.3,GA,07/16/2020
210,Kanniyākumāri,8.08,77.57,82.83,69,100,17.25,IN,07/16/2020
211,Mutsu,41.29,141.22,71.01,72,75,13.87,JP,07/16/2020
212,Krasnosel'kup,65.7,82.47,55.96,83,98,25.72,RU,07/16/2020
213,Newport,51.59,-3.0,62.01,85,5,7.2,GB,07/16/2020
214,Morehead,37.27,-87.18,82.4,69,1,5.82,US,07/16/2020
215,Ust'-Kan,50.93,84.76,67.35,53,27,5.23,RU,07/16/2020
216,Indianola,41.36,-93.56,71.6,83,20,4.7,US,07/16/2020
217,Beloha,-25.17,45.05,58.19,84,0,5.57,MG,07/16/2020
218,Katsuura,35.13,140.3,78.01,63,86,7.7,JP,07/16/2020
219,Abnūb,27.27,31.15,77.0,73,0,9.17,EG,07/16/2020
220,Iwanai,42.97,140.51,70.79,65,94,3.13,JP,07/16/2020
221,Hamilton,39.18,-84.53,81.0,83,1,5.66,US,07/16/2020
222,Turtas,58.94,69.13,83.46,58,84,8.21,RU,07/16/2020
223,Port Lincoln,-34.73,135.87,58.24,72,1,8.48,AU,07/16/2020
224,Mórrope,-6.54,-80.01,62.46,86,23,11.92,PE,07/16/2020
225,Mustafābād,30.89,73.5,101.12,34,10,11.25,PK,07/16/2020
226,Liuzhou,24.31,109.39,90.09,63,95,12.19,CN,07/16/2020
227,Cabo San Lucas,22.89,-109.91,86.0,63,0,1.01,MX,07/16/2020
228,Laas,46.62,10.7,50.0,100,40,4.7,IT,07/16/2020
229,Lianzhou,24.78,112.38,91.62,59,87,6.24,CN,07/16/2020
230,Butaritari,3.07,172.79,83.26,66,99,8.59,KI,07/16/2020
231,Port Elizabeth,-33.92,25.57,41.0,80,1,5.82,ZA,07/16/2020
232,Gwadar,25.12,62.33,85.03,73,64,1.52,PK,07/16/2020
233,Henties Bay,-22.12,14.28,71.01,16,0,3.0,NA,07/16/2020
234,Hong Kong,22.29,114.16,91.99,77,76,11.01,HK,07/16/2020
235,São José da Coroa Grande,-8.9,-35.15,74.43,82,0,6.53,BR,07/16/2020
236,Krasnoarmeysk,51.02,45.7,68.0,47,25,4.0,RU,07/16/2020
237,Eldoret,0.52,35.27,56.8,91,76,3.15,KE,07/16/2020
238,Great Falls,47.5,-111.3,72.0,43,1,5.82,US,07/16/2020
239,Zhuhai,22.28,113.57,95.0,75,40,12.75,CN,07/16/2020
240,Natal,-5.79,-35.21,73.4,100,40,3.36,BR,07/16/2020
241,Pisco,-13.7,-76.22,60.8,87,90,3.36,PE,07/16/2020
242,Concepción del Oro,24.63,-101.42,69.96,53,24,14.34,MX,07/16/2020
243,Ol'ga,43.74,135.29,74.35,59,7,9.71,RU,07/16/2020
244,Dongsheng,39.82,109.98,83.05,34,88,10.6,CN,07/16/2020
245,Laguna,38.42,-121.42,78.8,44,1,9.17,US,07/16/2020
246,Coquimbo,-29.95,-71.34,50.0,87,20,5.82,CL,07/16/2020
247,Teahupoo,-17.83,-149.27,78.8,83,75,5.82,PF,07/16/2020
248,Makkah al Mukarramah,21.43,39.83,88.9,14,0,5.32,SA,07/16/2020
249,Necochea,-38.55,-58.74,39.99,81,10,7.0,AR,07/16/2020
250,Preobrazheniye,42.9,133.91,70.47,69,1,10.92,RU,07/16/2020
251,Gouyave,12.16,-61.73,82.4,83,20,14.99,GD,07/16/2020
252,Hwange,-18.37,26.5,46.24,81,0,4.5,ZW,07/16/2020
253,Nurlat,54.43,50.81,71.37,80,95,1.97,RU,07/16/2020
254,Samfya,-11.36,29.56,52.41,69,0,13.94,ZM,07/16/2020
255,Novyy Buh,47.69,32.52,57.2,71,27,3.33,UA,07/16/2020
256,Malindi,-3.22,40.12,76.48,78,70,19.06,KE,07/16/2020
257,High Level,58.52,-117.14,69.8,43,40,3.36,CA,07/16/2020
258,Yerbogachën,61.28,108.01,59.23,66,91,10.65,RU,07/16/2020
259,Elizabeth City,36.29,-76.25,78.8,69,1,9.17,US,07/16/2020
260,Maceió,-9.67,-35.74,71.6,100,40,3.36,BR,07/16/2020
261,Bethel,41.37,-73.41,68.0,88,90,4.79,US,07/16/2020
262,Kidal,18.44,1.41,82.76,57,33,1.28,ML,07/16/2020
263,Taltal,-25.4,-70.48,57.07,62,0,4.03,CL,07/16/2020
264,São João da Barra,-21.64,-41.05,67.17,78,100,8.3,BR,07/16/2020
265,Tifton,31.45,-83.51,79.0,73,1,3.44,US,07/16/2020
266,Myitkyina,25.38,97.4,78.24,95,99,2.3,MM,07/16/2020
267,Ambilobe,-13.2,49.05,71.06,76,80,2.82,MG,07/16/2020
268,Madang,-5.22,145.8,84.88,69,20,6.76,PG,07/16/2020
269,Virginia Beach,36.85,-75.98,80.01,65,20,6.93,US,07/16/2020
270,Bahía Blanca,-38.72,-62.27,47.57,65,50,9.64,AR,07/16/2020
271,Chu,43.6,73.76,87.78,23,0,6.55,KZ,07/16/2020
272,Plymouth,41.83,-70.83,60.01,93,1,1.97,US,07/16/2020
273,Garoowe,8.41,48.48,78.82,57,49,27.83,SO,07/16/2020
274,Husavik,66.04,-17.34,51.8,81,90,5.82,IS,07/16/2020
275,Lysychovo,48.5,23.29,57.0,91,97,1.34,UA,07/16/2020
276,Hasaki,35.73,140.83,77.0,83,75,6.93,JP,07/16/2020
277,Batetskiy,58.65,30.3,56.19,82,87,9.1,RU,07/16/2020
278,Lavrentiya,65.58,-171.0,49.48,82,76,4.72,RU,07/16/2020
279,São Filipe,14.9,-24.5,75.6,84,67,9.44,CV,07/16/2020
280,Vyartsilya,62.18,30.69,53.85,72,100,7.05,RU,07/16/2020
281,Severo-Yeniseyskiy,60.37,93.04,61.86,57,91,12.26,RU,07/16/2020
282,Lata,40.16,-8.33,73.99,77,0,4.99,PT,07/16/2020
283,Saint George,37.1,-113.58,98.6,12,1,8.05,US,07/16/2020
284,Batagay-Alyta,67.8,130.41,51.73,51,97,10.04,RU,07/16/2020
285,Ostrovnoy,68.05,39.51,57.96,68,2,6.85,RU,07/16/2020
286,Podgorica,42.44,19.26,66.2,59,33,2.24,ME,07/16/2020
287,Cairns,-16.92,145.77,79.0,36,17,14.99,AU,07/16/2020
288,Paita,-5.09,-81.11,62.22,86,0,10.98,PE,07/16/2020
289,Popondetta,-8.75,148.25,86.77,58,8,6.62,PG,07/16/2020
290,Matara,5.95,80.54,82.35,79,100,9.26,LK,07/16/2020
291,Bonavista,48.65,-53.11,48.99,78,100,10.0,CA,07/16/2020
292,San Patricio,19.22,-104.7,78.17,82,100,1.95,MX,07/16/2020
293,Vila Velha,-20.33,-40.29,69.01,93,90,10.29,BR,07/16/2020
294,Kavaratti,10.57,72.64,80.6,88,90,11.41,IN,07/16/2020
295,Shihezi,44.3,86.03,90.34,19,0,6.26,CN,07/16/2020
296,Karratha,-20.74,116.85,77.94,24,0,20.18,AU,07/16/2020
297,Zemio,5.03,25.14,67.87,97,100,2.3,CF,07/16/2020
298,Kathu,7.92,98.33,86.0,74,20,4.7,TH,07/16/2020
299,Manono,-7.3,27.42,72.55,33,55,11.81,CD,07/16/2020
300,Soligalich,59.08,42.29,59.4,89,55,9.04,RU,07/16/2020
301,Ribeira Grande,38.52,-28.7,68.47,78,85,4.85,PT,07/16/2020
302,Peña Blanca,15.53,-88.05,75.0,94,48,3.89,HN,07/16/2020
303,Parry Sound,45.35,-80.03,75.0,72,100,1.99,CA,07/16/2020
304,Itarema,-2.92,-39.92,77.05,84,75,12.33,BR,07/16/2020
305,Port Hedland,-20.32,118.57,78.8,14,0,16.11,AU,07/16/2020
306,Lompoc,34.64,-120.46,60.8,77,7,9.17,US,07/16/2020
307,Horta,38.53,-28.63,68.22,78,86,5.75,PT,07/16/2020
308,Morant Bay,17.88,-76.41,84.2,79,20,10.29,JM,07/16/2020
309,Chemal,51.41,86.0,76.42,49,31,2.84,RU,07/16/2020
310,Hithadhoo,-0.6,73.08,83.57,72,88,2.95,MV,07/16/2020
311,Ammon,43.47,-111.97,71.6,26,1,6.93,US,07/16/2020
312,Santa María del Oro,25.93,-105.37,77.99,30,53,7.2,MX,07/16/2020
313,Sisimiut,66.94,-53.67,42.13,80,100,1.48,GL,07/16/2020
314,Alofi,-19.06,-169.92,77.0,65,75,13.87,NU,07/16/2020
315,Vryburg,-26.96,24.73,28.63,82,0,4.79,ZA,07/16/2020
316,San Cristobal,7.77,-72.22,65.71,91,80,2.68,VE,07/16/2020
317,Masalli,34.8,126.66,75.2,78,75,3.36,KR,07/16/2020
318,Amguri,26.8,94.53,81.23,84,98,7.92,IN,07/16/2020
319,Jiquipilas,16.67,-93.65,75.2,78,40,4.7,MX,07/16/2020
320,Rocha,-34.48,-54.33,38.17,79,0,5.59,UY,07/16/2020
321,Kruisfontein,-34.0,24.73,42.39,58,34,4.27,ZA,07/16/2020
322,San Vicente,-26.62,-54.13,57.34,81,85,2.93,AR,07/16/2020
323,Caniço,32.63,-16.85,68.0,68,40,11.41,PT,07/16/2020
324,Tilichiki,60.47,166.1,54.07,84,91,7.18,RU,07/16/2020
325,Sandwick,60.0,-1.25,53.6,93,88,9.17,GB,07/16/2020
326,Airai,-8.93,125.41,71.49,65,52,4.9,TL,07/16/2020
327,Grdelica,42.89,22.07,60.8,87,97,1.14,RS,07/16/2020
328,Tevaitoa,-16.78,-151.5,78.82,83,29,15.86,PF,07/16/2020
329,Portland,45.52,-122.68,81.0,47,1,12.75,US,07/16/2020
330,Koutiala,12.39,-5.46,75.54,82,100,7.67,ML,07/16/2020
331,Oranjemund,-28.55,16.43,57.81,34,0,19.84,NA,07/16/2020
332,Vitim,59.45,112.56,61.0,76,100,5.44,RU,07/16/2020
333,Bitung,1.45,125.18,89.6,55,20,3.36,ID,07/16/2020
334,Carahue,-38.7,-73.17,46.4,100,100,1.12,CL,07/16/2020
335,Souillac,-20.52,57.52,66.2,93,75,3.36,MU,07/16/2020
336,Buenavista,8.98,125.41,89.13,60,31,5.79,PH,07/16/2020
337,Mahon,39.89,4.27,71.6,68,0,11.41,ES,07/16/2020
338,Port Augusta,-32.5,137.77,62.01,58,0,6.93,AU,07/16/2020
339,Novikovo,51.15,37.89,56.01,76,23,10.54,RU,07/16/2020
340,Tuatapere,-46.13,167.68,42.75,74,17,3.65,NZ,07/16/2020
341,Yulara,-25.24,130.99,64.4,23,0,11.41,AU,07/16/2020
342,Cururupu,-1.83,-44.87,73.71,93,6,2.59,BR,07/16/2020
343,Smithers,54.78,-127.17,59.0,93,90,2.95,CA,07/16/2020
344,Masunga,-20.62,27.45,42.53,84,25,14.56,BW,07/16/2020
345,Mogadishu,2.04,45.34,78.03,81,100,21.21,SO,07/16/2020
346,Sabha,27.04,14.43,76.69,28,0,6.26,LY,07/16/2020
347,Taree,-31.9,152.47,60.8,55,75,20.8,AU,07/16/2020
348,Te Anau,-45.42,167.72,40.24,70,73,1.28,NZ,07/16/2020
349,Nishihara,26.18,127.76,86.0,84,90,17.22,JP,07/16/2020
350,Östersund,63.18,14.64,55.4,93,64,6.93,SE,07/16/2020
351,Mahébourg,-20.41,57.7,66.2,93,75,3.36,MU,07/16/2020
352,Huilong,31.81,121.66,77.0,87,55,4.0,CN,07/16/2020
353,Barra,-11.09,-43.14,71.8,67,29,7.23,BR,07/16/2020
354,Yuncheng,35.02,110.99,89.22,42,29,13.02,CN,07/16/2020
355,Toamasina,-18.17,49.38,66.2,93,20,2.24,MG,07/16/2020
356,Charters Towers,-20.1,146.27,72.03,27,2,10.18,AU,07/16/2020
357,Mount Vernon,40.91,-73.84,73.4,69,75,11.41,US,07/16/2020
358,Torbay,47.67,-52.73,50.0,100,90,23.04,CA,07/16/2020
359,São Miguel,-5.47,-35.37,73.4,100,40,3.36,BR,07/16/2020
360,Tazmalt,36.39,4.4,69.8,88,40,4.7,DZ,07/16/2020
361,Uvarovo,51.98,42.26,59.32,74,0,13.13,RU,07/16/2020
362,Benalla,-36.55,145.98,54.0,62,0,3.36,AU,07/16/2020
363,Naryan-Mar,67.67,53.09,50.86,75,33,7.27,RU,07/16/2020
364,Vilhena,-12.74,-60.15,69.31,51,0,2.91,BR,07/16/2020
365,Port Blair,11.67,92.75,81.64,81,100,11.36,IN,07/16/2020
366,Mozarlândia,-14.74,-50.57,71.91,28,34,8.93,BR,07/16/2020
367,Kindu,-2.95,25.95,69.15,91,63,0.49,CD,07/16/2020
368,College,64.86,-147.8,68.0,59,75,5.82,US,07/16/2020
369,Dwārka,22.24,68.97,84.54,83,97,9.19,IN,07/16/2020
370,Nome,64.5,-165.41,53.01,81,90,6.93,US,07/16/2020
371,Tocopilla,-22.09,-70.2,60.93,60,0,5.7,CL,07/16/2020
372,Kudat,6.88,116.85,86.0,70,20,8.05,MY,07/16/2020
373,Marfino,55.7,37.38,61.0,93,75,11.18,RU,07/16/2020
374,Zharkent,44.16,80.0,86.09,20,0,6.53,KZ,07/16/2020
375,Deputatsky,69.3,139.9,44.31,60,96,9.51,RU,07/16/2020
376,Agirish,61.92,63.02,73.08,80,70,7.11,RU,07/16/2020
377,Christchurch,-43.53,172.63,46.99,75,99,9.17,NZ,07/16/2020
378,Bilma,18.69,12.92,83.52,39,13,4.83,NE,07/16/2020
379,Nelson Bay,-32.72,152.15,60.01,58,75,14.99,AU,07/16/2020
380,Severnyy,50.68,36.55,55.4,82,41,6.71,RU,07/16/2020
381,Cidreira,-30.18,-50.21,50.63,67,0,9.01,BR,07/16/2020
382,Kalmar,56.66,16.36,60.01,100,99,2.24,SE,07/16/2020
383,Ust'-Omchug,61.15,149.63,67.78,41,25,2.08,RU,07/16/2020
384,Provideniya,64.38,-173.3,50.0,81,75,11.18,RU,07/16/2020
385,Coyhaique,-45.58,-72.07,35.6,93,90,4.7,CL,07/16/2020
386,Ixtapa,20.7,-105.2,86.0,74,75,8.05,MX,07/16/2020
387,Jutaí,-5.18,-68.9,74.44,72,88,1.12,BR,07/16/2020
388,Beringovskiy,63.05,179.32,55.65,74,0,4.0,RU,07/16/2020
389,Bilibino,68.05,166.44,48.76,89,100,3.76,RU,07/16/2020
390,Nizhniy Kuranakh,58.84,125.49,82.15,43,0,6.46,RU,07/16/2020
391,Vancouver,49.25,-123.12,75.0,53,40,6.93,CA,07/16/2020
392,Ürümqi,43.8,87.6,84.2,28,35,6.71,CN,07/16/2020
393,Kalety,50.56,18.89,59.0,93,40,6.93,PL,07/16/2020
394,Steinen,47.64,7.74,62.01,87,75,2.24,DE,07/16/2020
395,Khani,41.96,42.96,71.6,94,75,2.24,GE,07/16/2020
396,Santa Lucía,27.91,-15.54,71.6,78,40,24.16,ES,07/16/2020
397,Jalu,29.03,21.55,73.13,54,0,7.72,LY,07/16/2020
398,Carballo,43.21,-8.69,59.0,77,58,3.36,ES,07/16/2020
399,Upernavik,72.79,-56.15,41.85,89,44,1.28,GL,07/16/2020
400,Santa Cruz de la Sierra,-17.8,-63.17,66.2,88,40,3.36,BO,07/16/2020
401,Cochabamba,-17.39,-66.16,53.6,46,3,1.14,BO,07/16/2020
402,Fortuna,40.6,-124.16,59.0,76,1,8.05,US,07/16/2020
403,Divnomorskoye,44.5,38.14,68.76,54,24,7.56,RU,07/16/2020
404,Joshīmath,30.57,79.57,75.72,44,2,4.79,IN,07/16/2020
405,Lázaro Cárdenas,17.96,-102.2,80.82,86,69,3.18,MX,07/16/2020
406,Acapulco de Juárez,16.86,-99.89,81.19,77,60,2.75,MX,07/16/2020
407,Javānrūd,34.8,46.52,75.2,38,0,9.17,IR,07/16/2020
408,Zabid,14.2,43.32,88.66,53,81,4.97,YE,07/16/2020
409,Miranda,3.25,-76.23,75.2,73,40,8.05,CO,07/16/2020
410,Libertador General San Martín,-23.81,-64.79,51.67,65,0,2.55,AR,07/16/2020
411,Glenwood Springs,39.55,-107.32,78.8,46,40,5.82,US,07/16/2020
412,Adrar,20.5,-10.07,89.62,20,19,15.32,MR,07/16/2020
413,Mahajanga,-15.72,46.32,64.4,93,13,4.7,MG,07/16/2020
414,Nouadhibou,20.93,-17.03,69.8,88,75,10.29,MR,07/16/2020
415,Tuy Hoa,13.08,109.3,92.12,52,0,7.29,VN,07/16/2020
416,Palu,-0.89,119.87,76.75,84,100,1.45,ID,07/16/2020
417,High Rock,26.62,-78.28,84.47,71,100,9.48,BS,07/16/2020
418,Qaqortoq,60.72,-46.03,48.2,70,1,5.82,GL,07/16/2020
419,Constitución,-35.33,-72.42,53.56,91,89,10.49,CL,07/16/2020
420,Itoman,26.12,127.67,86.0,83,75,18.34,JP,07/16/2020
421,Balkanabat,39.51,54.37,81.07,64,10,8.72,TM,07/16/2020
422,Rodrigues Alves,-7.74,-72.65,71.58,86,0,0.31,BR,07/16/2020
423,Bonthe,7.53,-12.51,75.74,83,94,12.06,SL,07/16/2020
424,Vao,-22.67,167.48,69.67,71,19,21.3,NC,07/16/2020
425,Oodweyne,9.41,45.06,71.64,60,65,20.89,SO,07/16/2020
426,Kuril'sk,45.23,147.88,55.42,76,68,3.29,RU,07/16/2020
427,Datong,40.09,113.29,84.16,41,87,4.41,CN,07/16/2020
428,Merauke,-8.47,140.33,80.47,79,39,19.24,ID,07/16/2020
429,Åmot,59.57,7.99,46.99,92,0,1.43,NO,07/16/2020
430,Filingué,14.35,3.32,81.32,69,56,9.46,NE,07/16/2020
431,Alihe,50.57,123.72,88.11,37,83,7.72,CN,07/16/2020
432,Nantucket,41.28,-70.1,64.0,87,1,8.05,US,07/16/2020
433,Ntoum,0.38,9.78,77.0,88,20,4.7,GA,07/16/2020
434,Bom Despacho,-19.74,-45.25,63.37,85,34,5.37,BR,07/16/2020
435,Río Gallegos,-51.62,-69.22,26.6,92,90,5.82,AR,07/16/2020
436,Vila,42.03,-8.16,61.0,84,6,4.83,PT,07/16/2020
437,Tabou,4.42,-7.35,74.5,74,100,5.99,CI,07/16/2020
438,Rechka Vydrino,51.48,104.85,56.14,68,100,8.72,RU,07/16/2020
439,Bathsheba,13.22,-59.52,82.4,74,40,13.87,BB,07/16/2020
440,Açucena,-19.07,-42.55,62.26,93,49,2.59,BR,07/16/2020
441,Rocky Mountain House,52.37,-114.92,58.82,70,95,2.46,CA,07/16/2020
442,Eureka,40.8,-124.16,60.01,100,0,1.01,US,07/16/2020
443,Bull Savanna,17.89,-77.59,77.31,89,13,3.49,JM,07/16/2020
444,Berlevåg,70.86,29.09,51.8,87,27,3.36,NO,07/16/2020
445,Kibre Mengist,5.88,38.98,57.38,96,100,3.65,ET,07/16/2020
446,Acurenam,1.03,10.65,66.18,98,98,2.3,GQ,07/16/2020
447,Umm Kaddadah,13.6,26.69,77.14,67,98,20.24,SD,07/16/2020
448,Imbituba,-28.24,-48.67,48.2,93,0,3.36,BR,07/16/2020
449,Bayshore Gardens,27.43,-82.59,80.01,83,1,5.82,US,07/16/2020
450,Qasigiannguit,68.82,-51.19,44.6,70,67,3.36,GL,07/16/2020
451,Paramonga,-10.67,-77.83,60.51,86,75,9.04,PE,07/16/2020
452,Beyneu,45.32,55.2,90.5,20,0,9.22,KZ,07/16/2020
453,Ouésso,1.61,16.05,68.79,95,98,1.63,CG,07/16/2020
454,Elko,41.0,-115.5,84.2,9,1,10.29,US,07/16/2020
455,Geraldton,-28.77,114.6,60.8,93,90,4.7,AU,07/16/2020
456,São Simão,-21.48,-47.55,66.2,72,95,4.7,BR,07/16/2020
457,Makakilo City,21.35,-158.09,86.0,54,90,6.93,US,07/16/2020
458,Zhigansk,66.77,123.37,72.86,49,37,3.18,RU,07/16/2020
459,Arlit,18.74,7.39,87.6,17,0,7.52,NE,07/16/2020
460,Zliten,32.47,14.57,75.52,64,0,9.98,LY,07/16/2020
461,Zhezkazgan,47.8,67.71,80.6,42,67,17.9,KZ,07/16/2020
462,Upington,-28.45,21.26,35.6,40,0,5.82,ZA,07/16/2020
463,Sabang,5.89,95.32,83.59,71,99,5.61,ID,07/16/2020
464,Cervo,43.67,-7.41,55.99,85,95,10.8,ES,07/16/2020
465,Pueblo Nuevo,23.38,-105.38,60.3,87,8,2.44,MX,07/16/2020
466,Brae,60.4,-1.35,53.6,93,89,9.17,GB,07/16/2020
467,Cherskiy,68.75,161.3,43.07,78,98,5.99,RU,07/16/2020
468,Kaduna,10.52,7.44,69.01,94,58,5.26,NG,07/16/2020
469,Zuya,45.05,34.32,62.62,55,49,2.66,UA,07/16/2020
470,Umeå,63.83,20.26,48.2,100,90,2.24,SE,07/16/2020
471,Port Moresby,-9.44,147.18,82.4,78,75,28.86,PG,07/16/2020
472,Bac Lieu,9.29,105.72,86.47,68,80,6.49,VN,07/16/2020
473,Kerman,30.28,57.08,73.4,35,20,4.7,IR,07/16/2020
474,Conakry,9.54,-13.68,78.37,82,100,15.77,GN,07/16/2020
475,Nanning,22.82,108.32,89.6,59,51,6.71,CN,07/16/2020
476,Moindou,-21.69,165.68,75.2,41,0,11.41,NC,07/16/2020
477,Camocim,-2.9,-40.84,75.47,87,16,10.89,BR,07/16/2020
478,Mt. Pleasant,32.79,-79.86,84.0,88,40,4.7,US,07/16/2020
479,Avera,33.19,-82.53,84.2,83,1,5.82,US,07/16/2020
480,Tiarei,-17.53,-149.33,78.8,83,75,5.82,PF,07/16/2020
481,Chërnaya Kholunitsa,58.85,51.72,72.72,89,63,6.49,RU,07/16/2020
482,Aseri,59.45,26.87,60.64,78,100,9.15,EE,07/16/2020
483,Cambridge,43.36,-80.31,73.0,83,75,6.93,CA,07/16/2020
484,Cerqueira César,-23.04,-49.17,50.68,85,0,14.72,BR,07/16/2020
485,Udachny,66.42,112.4,59.0,93,90,6.71,RU,07/16/2020
486,Urdoma,61.75,48.54,61.83,96,98,7.05,RU,07/16/2020
487,Pangody,65.85,74.49,53.82,61,53,24.09,RU,07/16/2020
488,Nichinan,31.6,131.37,69.8,94,75,3.36,JP,07/16/2020
489,Matagami,49.75,-77.63,68.0,82,90,12.75,CA,07/16/2020
490,Oddur,4.12,43.89,72.43,76,100,21.72,SO,07/16/2020
491,Inuvik,68.35,-133.72,62.6,59,75,6.93,CA,07/16/2020
492,Kenitra,34.26,-6.58,71.6,94,0,8.05,MA,07/16/2020
493,Kamenka,51.32,42.77,61.0,77,38,3.0,RU,07/16/2020
494,Karpogory,64.0,44.45,53.85,72,80,10.94,RU,07/16/2020
495,Linqiong,30.42,103.46,78.01,78,40,4.47,CN,07/16/2020
496,Baruun-Urt,46.68,113.28,74.3,54,100,6.89,MN,07/16/2020
497,Biak,-0.91,122.88,78.64,83,100,5.82,ID,07/16/2020
498,Takoradze,4.88,-1.76,73.15,87,100,7.87,GH,07/16/2020
499,Olinda,-8.01,-34.86,75.2,88,40,3.36,BR,07/16/2020
500,Martapura,-3.42,114.85,82.4,88,90,3.36,ID,07/16/2020
501,Pyshma,56.95,63.25,76.32,78,100,8.55,RU,07/16/2020
502,Nioro,13.35,-15.75,78.04,86,99,5.77,GM,07/16/2020
503,Lufilufi,-13.87,-171.6,78.8,94,90,4.7,WS,07/16/2020
504,Moberly,39.42,-92.44,71.01,86,18,1.99,US,07/16/2020
505,Namwala,-15.75,26.44,49.21,78,6,6.62,ZM,07/16/2020
506,Suntar,62.14,117.63,70.92,74,59,13.15,RU,07/16/2020
507,Iquitos,-3.75,-73.25,72.12,93,85,1.79,PE,07/16/2020
508,Verāval,20.9,70.37,83.84,82,100,8.23,IN,07/16/2020
509,Poum,-20.23,164.02,70.84,63,0,16.37,NC,07/16/2020
510,Qabaqçöl,41.72,46.26,69.8,83,40,4.7,AZ,07/16/2020
511,Erenhot,43.65,111.98,86.99,30,72,6.71,CN,07/16/2020
512,Saint-Joseph,-21.37,55.62,66.2,68,21,5.82,RE,07/16/2020
513,Hambantota,6.12,81.12,80.6,94,20,9.17,LK,07/16/2020
514,Penzance,50.12,-5.54,60.01,93,13,11.41,GB,07/16/2020
515,Aktobe,50.28,57.21,87.57,32,0,7.63,KZ,07/16/2020
516,Darhan,49.49,105.92,55.15,81,100,12.57,MN,07/16/2020
517,Kaka,37.35,59.61,90.81,31,75,14.43,TM,07/16/2020
518,Agua Buena,7.82,-80.4,78.01,84,27,5.08,PA,07/16/2020
519,Vilyuysk,63.76,121.62,82.33,42,93,6.64,RU,07/16/2020
520,Pangnirtung,66.15,-65.71,56.12,41,35,3.06,CA,07/16/2020
521,Bad Wildbad,48.75,8.55,62.01,93,99,6.93,DE,07/16/2020
522,Meulaboh,4.14,96.13,83.77,77,63,4.99,ID,07/16/2020
523,Nakamura,32.98,132.93,74.95,76,100,3.06,JP,07/16/2020
524,Gemona,46.28,13.14,62.01,86,79,1.99,IT,07/16/2020
525,Oromocto,45.84,-66.48,53.6,71,1,5.82,CA,07/16/2020
526,Arrondissement de Saint-Denis,48.92,2.33,63.0,72,90,6.93,FR,07/16/2020
527,Powassan,46.03,-79.35,72.0,73,90,10.29,CA,07/16/2020
528,Lukulu,-14.37,23.24,54.37,40,0,10.98,ZM,07/16/2020
529,Thunder Bay,48.4,-89.32,62.01,93,75,2.24,CA,07/16/2020
530,Narganá,9.44,-78.59,80.71,86,25,10.13,PA,07/16/2020
531,Zyryanka,65.75,150.85,50.47,61,100,13.38,RU,07/16/2020
532,Puerto Ayacucho,5.66,-67.62,73.6,89,99,1.81,VE,07/16/2020
533,Tocache,-8.18,-76.51,67.75,88,14,0.58,PE,07/16/2020
534,Pitimbu,-7.47,-34.81,74.61,86,29,11.39,BR,07/16/2020
535,Aksarka,66.56,67.8,55.36,57,66,9.15,RU,07/16/2020
536,Nabire,-3.37,135.48,84.79,69,20,4.7,ID,07/16/2020
537,Lima Duarte,-21.84,-43.79,57.25,89,93,2.55,BR,07/16/2020
538,Ust'-Kulom,61.69,53.69,68.4,96,99,1.99,RU,07/16/2020
539,Bodaybo,57.85,114.19,70.29,69,97,6.98,RU,07/16/2020
540,Saint Anthony,45.02,-93.22,71.6,59,1,2.82,US,07/16/2020
541,Poya,-21.35,165.15,72.27,52,4,8.93,NC,07/16/2020
542,Mahanoro,-19.9,48.8,65.91,91,96,9.8,MG,07/16/2020
543,Kovylkino,54.04,43.91,60.8,82,3,12.35,RU,07/16/2020
544,Vila Franca do Campo,37.72,-25.43,66.2,82,75,8.05,PT,07/16/2020
545,Calama,-22.47,-68.93,42.8,5,0,20.8,CL,07/16/2020
546,Nezhinka,51.77,55.37,80.6,36,0,8.95,RU,07/16/2020
547,Tromsø,69.65,18.96,53.6,93,75,11.41,NO,07/16/2020
548,Jacksonville,30.33,-81.66,80.6,69,90,6.93,US,07/16/2020
549,Karoi,-16.81,29.69,46.99,81,0,8.72,ZW,07/16/2020
550,Clonakilty,51.62,-8.87,57.99,93,40,9.17,IE,07/16/2020
551,Prachuap Khiri Khan,11.82,99.78,85.21,69,100,6.93,TH,07/16/2020
552,Sept-Îles,50.2,-66.38,46.4,93,5,3.36,CA,07/16/2020
553,Broome,42.25,-75.83,69.8,73,1,6.93,US,07/16/2020
554,Xingcheng,40.62,120.72,82.11,66,0,15.28,CN,07/16/2020
555,Omsukchan,62.53,155.8,56.14,56,93,4.38,RU,07/16/2020
556,Paamiut,61.99,-49.67,44.53,74,21,13.33,GL,07/16/2020
557,Águas Formosas,-17.08,-40.94,66.94,92,94,5.57,BR,07/16/2020
558,Praia da Vitória,38.73,-27.07,68.0,82,75,9.55,PT,07/16/2020
559,Kumul,42.8,93.45,87.98,16,100,12.77,CN,07/16/2020
560,Calabar,4.95,8.32,71.44,98,100,1.7,NG,07/16/2020
561,Soyo,-6.13,12.37,70.75,91,57,6.89,AO,07/16/2020
562,Skibbereen,51.55,-9.27,57.2,93,40,9.17,IE,07/16/2020
563,Mitrópoli,39.34,21.84,53.01,62,5,11.01,GR,07/16/2020
564,Mudgee,-32.59,149.59,55.4,47,0,10.29,AU,07/16/2020
565,Puerto Rondón,6.28,-71.1,73.69,89,99,3.13,CO,07/16/2020
